{"109":[37.39072,126.98253],"110":[37.3903194168743,126.982965315641]}